[
{
  "model": "users.myuser",
  "pk": 5,
  "fields": {
    "password": "pbkdf2_sha256$1000000$jmvJ7xzsibWtdHcZKHIkyC$Uc/C4UIP3ZBVa4NuQa0Ca3mTroCeUt0cN2xsrRi4/64=",
    "last_login": "2025-06-02T05:54:47.195Z",
    "is_superuser": true,
    "username": "holo_admin",
    "first_name": "Ighor",
    "last_name": "Borinn",
    "is_staff": true,
    "is_active": true,
    "date_joined": "2025-05-17T19:46:56Z",
    "avatar": "media/users/1302925-1920x1358-desktop-hd-spice-and-wolf-anime-wallpaper.jpg",
    "email": "borinim@yandex.ru",
    "groups": [],
    "user_permissions": []
  }
},
{
  "model": "users.myuser",
  "pk": 6,
  "fields": {
    "password": "pbkdf2_sha256$1000000$ZweWSGrfoucXnuma4Rbd0r$MLxGfK5ITPW+NVpGjjzAdf+AYbFMuuzcuw/Aod1gejs=",
    "last_login": "2025-05-19T14:08:29.625Z",
    "is_superuser": false,
    "username": "Avenger",
    "first_name": "Игорь",
    "last_name": "Борин",
    "is_staff": false,
    "is_active": true,
    "date_joined": "2025-05-19T14:08:23.346Z",
    "avatar": "",
    "email": "ighor1544@gmail.com",
    "groups": [],
    "user_permissions": []
  }
},
{
  "model": "recipes.recipe",
  "pk": 8,
  "fields": {
    "author": 5,
    "name": "Онигири",
    "text": "Промойте рис 3–4 раза, затем отварите до готовности, затем остудите до тёплого состояния.\nСлегка намочите руки водой, посолите пальцы.\nВозьмите немного риса, положите в центр начинку, сформируйте шарик или треугольник.\nОберните нори снизу или полностью.\nМожно подавать сразу или завернуть и взять с собой.",
    "image": "recipes/images/temp_h49luRP.png",
    "cooking_time": 45,
    "short_url": ""
  }
},
{
  "model": "recipes.recipe",
  "pk": 9,
  "fields": {
    "author": 5,
    "name": "Оякодон",
    "text": "Нарезать лук тонкими полукольцами, курицу — небольшими кусочками.\nВ сковороде смешать воду, соевый соус, мирин и сахар. Довести до кипения.\nДобавить лук, варить еще 2–3 минуты.\nВыложить курицу, тушить на среднем огне 5–7 минут, пока не приготовится.\nВзбить яйца, вылить поверх курицы и готовить под крышкой ещё 1–2 минуты, пока яйцо не схватится, но не пересохнет.\nВыложить смесь на тарелку с рисом.",
    "image": "recipes/images/temp.jpeg",
    "cooking_time": 35,
    "short_url": ""
  }
},
{
  "model": "recipes.recipe",
  "pk": 10,
  "fields": {
    "author": 5,
    "name": "Мисо-суп",
    "text": "Замочите водоросли вакаме в воде на 5 минут.\nВскипятите 500 мл воды, добавьте бульон даси и размешайте.\nУбавьте огонь, добавьте тофу, нарезанный кубиками, и водоросли вакаме.\nРазведите мисо-пасту в небольшом количестве бульона, затем влейте в кастрюлю.\nНе доводите до кипения! Нагревайте ещё 1–2 минуты на слабом огне.\nПодавайте с нарезанным зелёным луком.",
    "image": "recipes/images/temp_8eYdAOt.png",
    "cooking_time": 25,
    "short_url": ""
  }
},
{
  "model": "recipes.recipe",
  "pk": 11,
  "fields": {
    "author": 5,
    "name": "Гёдза (20 штук)",
    "text": "Измельчите капусту и слегка посолите ее, оставьте на 10 минут. Затем отожмите лишнюю влагу.\nНарежьте мелко зелёный лук, чеснок и натрите имбирь.\nСмешайте фарш, капусту, лук, чеснок, имбирь, соевый соус, кунжутное масло, соль и перец.\nВозьмите заготовку теста, положите 1 ч.л. начинки в центр. Смочите края водой, сложите пополам и защипните складками.\nНа сковороде разогрейте растительное масло, выложите гёдза плоской стороной вниз. Обжарьте 2-3 минуты до золотистой корочки.\nВлейте воду, накройте крышкой и тушите 5-6 минут. Снимите крышку и готовьте ещё 1-2 минуты, чтобы выпарилась вода.\nПодавайте с соевым соусом, рисовым уксусом и каплей кунжутного масла.",
    "image": "recipes/images/temp_dugovCI.jpeg",
    "cooking_time": 50,
    "short_url": ""
  }
},
{
  "model": "recipes.recipe",
  "pk": 14,
  "fields": {
    "author": 6,
    "name": "Мой первый рецепт!",
    "text": "Апельсиновая вода для свежести! И вино для разгона",
    "image": "recipes/images/temp_sSS6IDz.png",
    "cooking_time": 1,
    "short_url": "djJX2d"
  }
},
{
  "model": "recipes.recipeingredient",
  "pk": 40,
  "fields": {
    "recipe": 8,
    "name": 1474,
    "amount": 300,
    "measurement_unit": "г"
  }
},
{
  "model": "recipes.recipeingredient",
  "pk": 41,
  "fields": {
    "recipe": 8,
    "name": 1684,
    "amount": 5,
    "measurement_unit": "г"
  }
},
{
  "model": "recipes.recipeingredient",
  "pk": 42,
  "fields": {
    "recipe": 8,
    "name": 1113,
    "amount": 10,
    "measurement_unit": "г"
  }
},
{
  "model": "recipes.recipeingredient",
  "pk": 43,
  "fields": {
    "recipe": 8,
    "name": 1879,
    "amount": 200,
    "measurement_unit": "г"
  }
},
{
  "model": "recipes.recipeingredient",
  "pk": 44,
  "fields": {
    "recipe": 9,
    "name": 1445,
    "amount": 300,
    "measurement_unit": "г"
  }
},
{
  "model": "recipes.recipeingredient",
  "pk": 45,
  "fields": {
    "recipe": 9,
    "name": 780,
    "amount": 200,
    "measurement_unit": "г"
  }
},
{
  "model": "recipes.recipeingredient",
  "pk": 46,
  "fields": {
    "recipe": 9,
    "name": 2180,
    "amount": 100,
    "measurement_unit": "г"
  }
},
{
  "model": "recipes.recipeingredient",
  "pk": 47,
  "fields": {
    "recipe": 9,
    "name": 886,
    "amount": 100,
    "measurement_unit": "г"
  }
},
{
  "model": "recipes.recipeingredient",
  "pk": 48,
  "fields": {
    "recipe": 9,
    "name": 1674,
    "amount": 50,
    "measurement_unit": "г"
  }
},
{
  "model": "recipes.recipeingredient",
  "pk": 49,
  "fields": {
    "recipe": 9,
    "name": 1698,
    "amount": 50,
    "measurement_unit": "г"
  }
},
{
  "model": "recipes.recipeingredient",
  "pk": 50,
  "fields": {
    "recipe": 9,
    "name": 1546,
    "amount": 10,
    "measurement_unit": "г"
  }
},
{
  "model": "recipes.recipeingredient",
  "pk": 51,
  "fields": {
    "recipe": 9,
    "name": 252,
    "amount": 100,
    "measurement_unit": "мл"
  }
},
{
  "model": "recipes.recipeingredient",
  "pk": 52,
  "fields": {
    "recipe": 10,
    "name": 252,
    "amount": 500,
    "measurement_unit": "мл"
  }
},
{
  "model": "recipes.recipeingredient",
  "pk": 53,
  "fields": {
    "recipe": 10,
    "name": 167,
    "amount": 20,
    "measurement_unit": "мл"
  }
},
{
  "model": "recipes.recipeingredient",
  "pk": 54,
  "fields": {
    "recipe": 10,
    "name": 1027,
    "amount": 100,
    "measurement_unit": "г"
  }
},
{
  "model": "recipes.recipeingredient",
  "pk": 55,
  "fields": {
    "recipe": 10,
    "name": 1867,
    "amount": 100,
    "measurement_unit": "г"
  }
},
{
  "model": "recipes.recipeingredient",
  "pk": 56,
  "fields": {
    "recipe": 10,
    "name": 257,
    "amount": 10,
    "measurement_unit": "г"
  }
},
{
  "model": "recipes.recipeingredient",
  "pk": 57,
  "fields": {
    "recipe": 10,
    "name": 879,
    "amount": 50,
    "measurement_unit": "г"
  }
},
{
  "model": "recipes.recipeingredient",
  "pk": 58,
  "fields": {
    "recipe": 11,
    "name": 1914,
    "amount": 250,
    "measurement_unit": "г"
  }
},
{
  "model": "recipes.recipeingredient",
  "pk": 59,
  "fields": {
    "recipe": 11,
    "name": 530,
    "amount": 150,
    "measurement_unit": "г"
  }
},
{
  "model": "recipes.recipeingredient",
  "pk": 60,
  "fields": {
    "recipe": 11,
    "name": 879,
    "amount": 25,
    "measurement_unit": "г"
  }
},
{
  "model": "recipes.recipeingredient",
  "pk": 61,
  "fields": {
    "recipe": 11,
    "name": 2055,
    "amount": 15,
    "measurement_unit": "г"
  }
},
{
  "model": "recipes.recipeingredient",
  "pk": 62,
  "fields": {
    "recipe": 11,
    "name": 463,
    "amount": 20,
    "measurement_unit": "г"
  }
},
{
  "model": "recipes.recipeingredient",
  "pk": 63,
  "fields": {
    "recipe": 11,
    "name": 1674,
    "amount": 25,
    "measurement_unit": "г"
  }
},
{
  "model": "recipes.recipeingredient",
  "pk": 64,
  "fields": {
    "recipe": 11,
    "name": 769,
    "amount": 25,
    "measurement_unit": "г"
  }
},
{
  "model": "recipes.recipeingredient",
  "pk": 65,
  "fields": {
    "recipe": 11,
    "name": 1684,
    "amount": 10,
    "measurement_unit": "г"
  }
},
{
  "model": "recipes.recipeingredient",
  "pk": 66,
  "fields": {
    "recipe": 11,
    "name": 1282,
    "amount": 10,
    "measurement_unit": "г"
  }
},
{
  "model": "recipes.recipeingredient",
  "pk": 67,
  "fields": {
    "recipe": 11,
    "name": 1828,
    "amount": 350,
    "measurement_unit": "г"
  }
},
{
  "model": "recipes.recipeingredient",
  "pk": 68,
  "fields": {
    "recipe": 11,
    "name": 1419,
    "amount": 25,
    "measurement_unit": "мл"
  }
},
{
  "model": "recipes.recipeingredient",
  "pk": 69,
  "fields": {
    "recipe": 11,
    "name": 252,
    "amount": 50,
    "measurement_unit": "мл"
  }
},
{
  "model": "recipes.recipeingredient",
  "pk": 76,
  "fields": {
    "recipe": 14,
    "name": 34,
    "amount": 100,
    "measurement_unit": "мл"
  }
},
{
  "model": "recipes.recipeingredient",
  "pk": 77,
  "fields": {
    "recipe": 14,
    "name": 208,
    "amount": 50,
    "measurement_unit": "мл"
  }
},
{
  "model": "recipes.follow",
  "pk": 9,
  "fields": {
    "user": 6,
    "following": 5
  }
},
{
  "model": "recipes.favorite",
  "pk": 7,
  "fields": {
    "user": 5,
    "recipe": 8
  }
},
{
  "model": "recipes.favorite",
  "pk": 8,
  "fields": {
    "user": 6,
    "recipe": 9
  }
}
]
